<?xml version="1.0" encoding="UTF-8" standalone="yes"?>
<addon id="plugin.video.TorrentBR"
       name="TorrentBR"
       version="1.0.8"
       provider-name="TorrentBR">
  <requires>
    <import addon="xbmc.python" version="2.1.0"/>
	<import addon="script.module.t0mm0.common" version="2.0.0"/>
    <import addon="script.module.beautifulsoup" version="3.2.1"/>
    <import addon="script.module.simple.downloader" version="0.9.4"/>
    <import addon="script.module.beautifulsoup4"/>
    <import addon="script.module.simple.downloader" version="0.9.4"/>
    <import addon="script.module.requests" />
    <import addon="script.module.httplib2" />
    <import addon="script.module.youtube.dl" optional="true"/>
    <import addon="plugin.video.youtube" version="3.0.0"/>
    <import addon="script.module.simplejson" /> 
    <import addon="script.common.plugin.cache" version="2.5.2"/>
    <import addon="script.module.metahandler" version="2.5.1"/>
			
  </requires>
  <extension point="xbmc.python.pluginsource" library="default.py">
    <provides>video</provides>
  </extension>
  <extension point="xbmc.addon.metadata">
    <summary lang="en">TorrentBR</summary>
    <description lang="en">Filmes de Qualidade, TorrentBR</description>
    <platform>all</platform>
  </extension>
 <extension point="xbmc.addon.repository" name="TorrentBR repository">
		<info compressed="false">http://raw.github.com/kreatorkodi/repository.torrentbr/master/addons.xml</info>
		<checksum>http://raw.github.com/kreatorkodi/repository.torrentbr/master/addons.xml.md5</checksum>
		<datadir zip="true">http://raw.github.com/kreatorkodi/repository.torrentbr/master/repo/</datadir>
	</extension>
	<extension point="xbmc.addon.metadata">
		<summary>TorrentBR repository</summary>
		<description>Filmes torrent HD</description>
		<disclaimer></disclaimer>
		<platform>all</platform>
	</extension>
</addon>
