<?xml version="1.0" encoding="UTF-8" standalone="yes"?>
<addon id="script.kaosboxtools" name="KAOSbox Updates en Tools" version="4.7.5" provider-name="KAOSbox">
  <requires>
    	<import addon="xbmc.python" version="2.1.0"/>
	<import addon="script.module.urlresolver" version="3.0.0" />
  </requires>
  <extension point="xbmc.python.pluginsource" library="default.py">
        <provides>executable</provides>
  </extension>
  <extension point="xbmc.service" library="service.py" start="startup"/>
  <extension point="xbmc.addon.metadata">
      <summary lang="en">KAOSbox Updates en Tools</summary>
      <description lang="en">Updates en Tools voor KAOSbox</description>
      <license>GNU GENERAL PUBLIC LICENSE. Version 2, June 1991</license>
  </extension>
</addon>
