﻿<?xml version="1.0" encoding="UTF-8" standalone="yes"?>
<addon id="Dcrkiller88-s-Repo" name="Dcrkiller88's Repo" version="0.0.2" provider-name="dcrkiller88">
	<extension point="xbmc.addon.repository" name="Dcrkiller88's Repo">
		<info compressed="false">http://raw.github.com/dcrkiller88/Dcrkiller88-s-Repo/master/addons.xml</info>
		<checksum>http://raw.github.com/dcrkiller88/Dcrkiller88-s-Repo/master/addons.xml.md5</checksum>
		<datadir zip="true">http://raw.github.com/dcrkiller88/Dcrkiller88-s-Repo/master/repo/</datadir>
	</extension>
	<extension point="xbmc.addon.metadata">
		<summary>Dcrkiller88's Repo</summary>
		<description>Addon Description</description>
		<disclaimer></disclaimer>
		<platform>all</platform>
	</extension>
</addon>