<?xml version="1.0" encoding="UTF-8" standalone="yes"?>
<addon id="script.gamestarter" name="Gamestarter" version="2.3.0" provider-name="Bite Your Idols!">
  <requires>
    <import addon="xbmc.python" version="2.1.0"/>
    
  </requires>
  <extension point="xbmc.python.pluginsource" library="default.py">
		<provides>executable</provides>
	</extension>
  <extension point="xbmc.addon.metadata">
    <summary lang="es">Retrogaming addon para Raspberry Pi</summary>
    <summary lang="en">Retrogaming addon for Raspberry Pi</summary>
	<description lang="es">Lanza emuladores desde Kodi en tu Raspberry Pi incluyendo RetroArch y sus cores, EmulationStation y más.</description>
    <description lang="en">Launch emulators from Kodi in your Raspberry Pi including RetroArch, EmulationStation and more...</description>
    <disclaimer lang="en"></disclaimer>
    <language></language>
    <platform>all</platform>
    <license>GNU GENERAL PUBLIC LICENSE. Version 2, June 1991</license>
    <forum></forum>
    <website>https://goo.gl/MyeLn9</website>
    <email></email>
    <source></source>
  </extension>
</addon>
