﻿<?xml version="1.0" encoding="UTF-8" standalone="yes"?>
<addon id="cyber.repository" name="Cyber Repository" version="0.0.2" provider-name="Cyber Desenvolvedores">
	<extension point="xbmc.addon.repository" name="cyber repository">
		<info compressed="false">http://raw.github.com/agserver/cyber.repository/master/addons.xml</info>
		<checksum>http://raw.github.com/agserver/cyber.repository/master/addons.xml.md5</checksum>
		<datadir zip="true">http://raw.github.com/agserver/cyber.repository/master/repo/</datadir>
	</extension>
	<extension point="xbmc.addon.metadata">
		<summary>Cyber Desenvolvedores</summary>
		<description>Repositorio de Addons Cyber Desenvolvedores</description>
		<disclaimer></disclaimer>
		<platform>all</platform>
	</extension>
</addon>